user,model_Achievement,model_Benevolence,model_Conformity,model_Hedonism,model_Power,model_Security,model_Self-direction,model_Stimulation,model_Tradition,model_Universalism,ref_Achievement,ref_Benevolence,ref_Conformity,ref_Hedonism,ref_Power,ref_Security,ref_Self-direction,ref_Stimulation,ref_Tradition,ref_Universalism,gold_Achievement,gold_Benevolence,gold_Conformity,gold_Hedonism,gold_Power,gold_Security,gold_Self-direction,gold_Stimulation,gold_Tradition,gold_Universalism
user2,1.0250000000000004,-0.47499999999999964,-0.9749999999999996,1.1083333333333334,0.4416666666666673,0.1750000000000007,0.27500000000000036,0.7750000000000004,-1.7249999999999996,-0.05833333333333268,0.4500000000000002,-0.2999999999999998,-1.2999999999999998,0.7833333333333332,0.4500000000000002,0.04999999999999982,0.20000000000000018,0.4500000000000002,-0.5499999999999998,0.11666666666666714,-0.45,-0.2,0.55,0.6333333333,0.9666666667,-0.03333333333,-0.2,-0.7,-0.2,-0.5
