user,model_SE_Universalism,model_SE_Benevolence,model_SE_Tradition,model_SE_Conformity,model_SE_Security,model_SE_Power,model_SE_Achievement,model_SE_Hedonism,model_SE_Stimulation,model_SE_Self-direction,ref_SE_Universalism,ref_SE_Benevolence,ref_SE_Tradition,ref_SE_Conformity,ref_SE_Security,ref_SE_Power,ref_SE_Achievement,ref_SE_Hedonism,ref_SE_Stimulation,ref_SE_Self-direction
user2,0.24173611111111157,0.05062499999999991,2.1756249999999997,2.1756249999999997,0.06673611110938917,0.22562500003166622,2.3256250000000005,0.2756250000349999,2.3256250000000005,0.0006250000000000094,0.3802777777777784,0.009999999999999962,0.12249999999999987,3.4224999999999994,0.006944444443888858,0.2669444444788887,0.8100000000000003,0.022500000009999976,1.3225000000000002,0.16000000000000014
