user,model_SE_Universalism,model_SE_Benevolence,model_SE_Tradition,model_SE_Conformity,model_SE_Security,model_SE_Power,model_SE_Achievement,model_SE_Hedonism,model_SE_Stimulation,model_SE_Self-direction,ref_SE_Universalism,ref_SE_Benevolence,ref_SE_Tradition,ref_SE_Conformity,ref_SE_Security,ref_SE_Power,ref_SE_Achievement,ref_SE_Hedonism,ref_SE_Stimulation,ref_SE_Self-direction
user2,0.19506944444444502,0.0756249999999998,2.325624999999999,2.325624999999999,0.04340277777638918,0.27562500003499935,2.175625000000001,0.22562500003166674,2.175625000000001,0.22562500000000035,0.3802777777777784,0.009999999999999962,0.12249999999999987,3.4224999999999994,0.006944444443888858,0.2669444444788887,0.8100000000000003,0.022500000009999976,1.3225000000000002,0.16000000000000014
